TRNREFNO,BRCODE,SBCODE,BNKSRL,APPLNO, NAME,ADD1,ADD2, ADD3,CITY,STATE,PIN,TYPE,TENURE(MONTHS/YEAR), CATE,FOLIO,EMPCODE,STATUS,AMOUNT, PAYMODE,INSTNO,INSTDT,PANGIR1,DOB, NGNAME,BANKAC,BANKNM,BCITY,MICR, GNAME,GPAN,ACTYPE,RTGSCOD, NNAME,NADD1,NADD2,NADD3,NCITY, NPIN,ENCL,TELNO,JH1NAME,JH2NAME,JH1PAN,JH2PAN,JH1RELATION,JH2RELATION,HLDINGPATT,SUBTYPE,EMAILID,MOBILENO,IFSC,Text 1,Text 2,Text 3,Text 4,Text 5,Text 6,Text 7,Text 10
7430828,ICICI Securities,,7430828,7430828,MR JAMES VINCENT PEREIRA,C10OM MAHAVIR BAUG CHSL UTTAN,ROAD CHANDMAL NGR NR DUTTA MANDIR,,THANE,MAHARASHTRA,401101,N,36,P,,,R,10000,DD,7430828,10/2/2020,BCMPP3868G,7/1/1989,Magadelin  Pereira,1.02E+11,ICICI Bank,Mumbai  Chandivali,400229100,  ,,SAVING,,Magadelin  Pereira,C 10 Mahavir Baug Chandmal Nagar,Uttan road Bhayandar West,,THANE,401101,NO,28191389,,,,,,,Single,A,james7189@gmail.com,8097674445,ICIC0001022,ICICI Bank,58101001073,ICIC0001022,W46957,7430828,REC PAN OF MR JAMES VINCENT PEREIRA BCMPP3868G,REC DEMAT STATEMENT OF MR JAMES VINCENT PEREIRA,12-Feb-20
7430862,ICICI Securities,,7430862,7430862,MR VISHAL  PATENKAR,H NO 146 TILAK NAGAR,A B RD DEWAS,,DEWAS,MADHYA PRADESH,455001,C,12,P,,,R,15000,DD,7430862,11/2/2020,ARZPP9111D,4/1/1985,POOJA  DANDIR,58101001073,ICICI Bank,Pune Magarpatta City,411229022,  ,,SAVING,,POOJA  DANDIR,146 TILAK NAGAR,,,DEWAS,455001,NO,252877,,,,,,,Single,C,er.vishpatenkar@gmail.com,9479412333,ICIC0000581,ICICI Bank,58101001073,ICIC0000581,W46959,7430862,REC PAN OF MR VISHAL  PATENKAR ARZPP9111D,REC DEMAT STATEMENT OF MR VISHAL  PATENKAR,12-Feb-20
7430867,ICICI Securities,,7430867,7430867,MR SANJAY  BANSAL,H 2 36 THIRD FLRH 2 36 THIRD FLR,SECTOR 11 ROHINI,,DELHI,DELHI,110085,C,12,P,,,R,15000,DD,7430867,11/2/2020,AEIPB1713R,13/04/1969,,48801001283,ICICI Bank,New Delhi  Rohini Sector 9,110229065,,,SAVING,,,,,,,,NO,,,,,,,,Single,C,dr.sanjay.bansal@outlook.com,9999640640,ICIC0000488,ICICI Bank,48801001283,ICIC0000488,W46962,7430867,REC PAN OF MR SANJAY  BANSAL AEIPB1713R,REC DEMAT STATEMENT OF MR SANJAY  BANSAL,12-Feb-20
7430991,ICICI Securities,,7430991,7430991,MR RAJINDER  SINGH,H NO 76 POCKET 2 SECTOR 23 ROHINI,ROHINI NORTH WEST DELHI,,DELHI,DELHI,110085,N,24,S,,,R,20000,DD,7430991,11/2/2020,AXJPS8464N,5/1/1959,Yogesh Kumar,701660488,ICICI Bank,New Delhi  Connaught Place,110229002,  ,,SAVING,,Yogesh Kumar Kumar,Flat No 76Pocket N0 02Sector23 Rohini,Rohini Flat N76 Pocket N0.02Sector 23Rohini,,DELHI,110085,NO,9811683239,MR YOGESH  KUMAR,,BKYPK2186A,,SON,,Anyone or Surviovr,Q,rajsingh1959@yahoo.co.in,9811683239,ICIC0000007,ICICI Bank,701660488,ICIC0000007,W46963,7430991,REC PAN OF MR RAJINDER  SINGH AXJPS8464N,REC DEMAT STATEMENT OF MR RAJINDER  SINGH,12-Feb-20
7430773,ICICI Securities,,7430773,7430773,MRS PARUL  ,5 SHIKHA APARTMENT 48 I P EXTENSION,,,DELHI,DELHI,110092,C,25,P,,,R,25000,DD,7430773,10/2/2020,AHGPP2983E,8/7/1977,,72101003138,ICICI Bank,DelhiFazalpurIPExtension,110229081,,,SAVING,,,,,,,,NO,,,,,,,,Single,C,itsmeparulj@gmail.com,9891691466,ICIC0000721,ICICI Bank,72101003138,ICIC0000721,W46956,7430773,REC PAN OF MRS PARUL   AHGPP2983E,REC DEMAT STATEMENT OF MRS PARUL  ,12-Feb-20
7430856,ICICI Securities,,7430856,7430856,MR AKSHAR  GROVER,A  4 7A DAIMOND PARK HARBOUR ROAD,DIAMOND,,KOLKATA,WEST BENGAL,700104,N,25,P,,,R,25000,DD,7430856,11/2/2020,APIPG4868H,10/1/1988,Sunita  Grover,1.97E+11,ICICI Bank,KOLKATA THAKURPUKUR,700229093,  ,,SAVING,,Sunita  Grover,A4/7A diamond Park diamond harbour Road,,,KOLKATA,700104,NO,,,,,,,,Single,M,akshar_grover@yahoo.com,9830809959,ICIC0001973,ICICI Bank,1.97301E+11,ICIC0001973,W46961,7430856,REC PAN OF MR AKSHAR  GROVER APIPG4868H,REC DEMAT STATEMENT OF MR AKSHAR  GROVER,12-Feb-20
7430985,ICICI Securities,,7430985,7430985,MR NITIN  MAHESHWARI,F 1 PLOT NO 213 SECTOR 4 VAISHALI,,,GHAZIABAD,UTTAR PRADESH,201010,C,12,P,,,R,30000,DD,7430985,11/2/2020,AHSPM6574C,4/1/1981,,87401501400,ICICI Bank,Wadala,400229104,,,SAVING,,,,,,,,NO,,,,,,,,Single,C,nitinmaheshwari08@gmail.com,8447956584,ICIC0000874,ICICI Bank,87401501400,ICIC0000874,W46966,7430985,REC PAN OF MR NITIN  MAHESHWARI AHSPM6574C,REC DEMAT STATEMENT OF MR NITIN  MAHESHWARI,12-Feb-20
7430952,ICICI Securities,,7430952,7430952,MR UDHAYANAN  S,22 1,SPIC NAGAR,,CHENNAI,TAMILNADU,600042,C,12,S,,,R,50000,DD,7430952,11/2/2020,AABPU0094P,5/10/1952,niraimathi  udhayanan,101224341,ICICI Bank,Chennai  Cenotaph Road,600229002,  ,,SAVING,,niraimathi  udhayanan,22/1spic nagarvelacherychennai-600042,,,CHENNAI,600042,NO,22434713,,,,,,,Single,C,uvanvij@gmail.com,9025666178,ICIC0000001,ICICI Bank,101224341,ICIC0000001,W46964,7430952,REC PAN OF MR UDHAYANAN  S AABPU0094P,REC DEMAT STATEMENT OF MR UDHAYANAN  S,12-Feb-20
7430780,ICICI Securities,,7430780,7430780,MR JAGADISH CHHAGANLAL RACHCHH,A 23 DEVDATT OSCAR RESIDENCY 150 FT,RING RD B H STERLING HOSPITAL,,RAJKOT,GUJARAT,360007,C,12,S,,,R,100000,DD,7430780,10/2/2020,ABPPR8254F,4/2/1954,BINA CHIRAGBHAI RACHCHH,6.55E+11,ICICI Bank,Simaria MansionKalwad Rd Rajk,360229007,  ,,SAVING,,BINA CHIRAGBHAI RACHCHH,A-23 Oscar residency  dev datt,BH sterling hospital 150 feet ring road,,RAJKOT,360007,YES,,,,,,,,Single,C,jagdishrachchh54@gmail.com,9978980800,ICIC0006553,ICICI Bank,6.55302E+11,ICIC0006553,W46955,7430780,REC PAN OF MR JAGADISH CHHAGANLAL RACHCHH ABPPR8254F,REC DEMAT STATEMENT OF MR JAGADISH CHHAGANLAL RACHCHH,12-Feb-20
7430926,ICICI Securities,,7430926,7430926,MR HIMANSHU  SHARMA,90 103  PATEL MRG MANSAROVER,JAIPUR MANSAROVER,,JAIPUR,RAJASTHAN,302020,C,12,P,,,R,100000,DD,7430926,11/2/2020,CFRPS3748P,11/9/1984,,87401508222,ICICI Bank,Wadala,400229104,,,SAVING,,,,,,,,NO,,,,,,,,Single,C,himanshusharma11.u@gmail.com,7506646055,ICIC0000874,ICICI Bank,87401508222,ICIC0000874,W46960,7430926,REC PAN OF MR HIMANSHU  SHARMA CFRPS3748P,REC DEMAT STATEMENT OF MR HIMANSHU  SHARMA,12-Feb-20
7430765,ICICI Securities,,7430765,7430765,MR PRASHANT  JAJU,88 KRISHAN KUNJ,NEAR LOVELY PUBLIC SCHOOL LAXMI NAGAR,,DELHI,DELHI,110092,C,12,P,,,R,150000,DD,7430765,10/2/2020,AFKPJ9083K,17/11/1979,SHILPI  JAJU,3701065214,ICICI Bank,New Delhi  Preet Vihar,110229006,  ,,SAVING,,SHILPI  JAJU,1705 TOWER 2,LOTUS ZING SECTOR 168,,NOIDA,201305,NO,9873995251,,,,,,,Single,C,jajuprashant@gmail.com,9811035389,ICIC0000037,ICICI Bank,3701065214,ICIC0000037,W46954,7430765,REC PAN OF MR PRASHANT  JAJU AFKPJ9083K,REC DEMAT STATEMENT OF MR PRASHANT  JAJU,12-Feb-20
7430854,ICICI Securities,,7430854,7430854,MR RAJENDRA KUMAR JAIN,INFOSYS TECHNOLOGIES LIMITED PLOT NO,24 RAJIV GANDHI INFOTECH PARK PHASE II,,PUNE,MAHARASHTRA,411057,C,12,P,,,R,200000,DD,7430854,11/2/2020,AGUPJ0510E,1/5/1981,PALLAVI  CHOUDHARY,15201017350,ICICI Bank,Mysore,570229002,  ,,SAVING,,PALLAVI  CHOUDHARY,Nakoda Traders,,,BAKANI,326022,YES,245029,,,,,,,Single,C,jain1.rajendra@gmail.com,9146048456,ICIC0000152,ICICI Bank,15201017350,ICIC0000152,W46958,7430854,REC PAN OF MR RAJENDRA KUMAR JAIN AGUPJ0510E,REC DEMAT STATEMENT OF MR RAJENDRA KUMAR JAIN,12-Feb-20
7430873,ICICI Securities,,7430873,7430873,MR VIVEK SAXENA ,502 LANDMARK APARTMENTS 1 MOYENVILLE,ROAD LANGFORD TOWN BANGALORE NORTH,,BANGALORE,KARNATAKA,560025,C,12,P,,,R,500000,DD,7430873,11/2/2020,BGMPS0229J,13/08/1974,,4701552001,ICICI Bank,BangaloreKoramangala,560229003,,,SAVING,,,,,,,,NO,,,,,,,,Single,C,vivek_saxena@hotmail.com,9900105632,ICIC0000047,ICICI Bank,4701552001,ICIC0000047,W46965,7430873,REC PAN OF MR VIVEK SAXENA  BGMPS0229J,REC DEMAT STATEMENT OF MR VIVEK SAXENA ,12-Feb-20
