TRNREFNO,BRCODE,SBCODE,BNKSRL,APPLNO,NAME,ADD1,ADD2,ADD3,CITY,STATE,PIN,TYPE,TENURE,CATE,FOLIO,EMPCODE,STATUS,AMOUNT, PAYMODE,INSTNO,INSTDT,PANGIR1,DOB,NGNAME,BANKAC,BANKNM,BCITY,MICR,GNAME,GPAN,ACTYPE,RTGSCOD,NNAME,NADD1,NADD2,NADD3,NCITY,NPIN,ENCL,TELNO,JH1NAME,JH2NAME,JH1PAN,JH2PAN,JH1RELATION,JH2RELATION,HLDINGPATT,SUBTYPE,EMAILID,MOBILENO,IFSC
1234565,ICICI Securities,,1234565,1234565,MR HRISHIKESH P KADAM,"A 2804, DOSTI VIHAR,VIJETA",VARTAK NAGAR,CADBURY JUNCTION,THANE,MAHARASHTRA,400606,Y,12,S,,,R,30000,DD,7359253,7/5/2019,AFQWB8898C,8/30/1997,,81025352525,ICICI Bank,Deoghar,814229102,,,SAVING,,,,,,,,NO,,,,,,,,Single,C,hrishikeshkadam82@gmail.com,9833994163,ICIC0000629
1234566,ICICI Securities,,1234566,1234566,MR Bahul Dubey,"A 303, SHRI GANESH APT",SARVODAY COMPLEX,GOLDEN NEST,MUMBAI,MAHARASHTRA,401107,C,12,S,,,R,30000,DD,7359253,7/5/2019,JOYKS3079A,12/31/1997,,81025352525,ICICI Bank,MUMBAI,814229102,,,SAVING,,,,,,,,NO,,,,,,,,Single,C,rahul82@gmail.com,9833994166,ICIC0000629
1234567,ICICI Securities,,1234567,1234567,MR Sanjay Yadav,"A 303, SHRI GANESH APT",SARVODAY COMPLEX,GOLDEN NEST,MUMBAI,MAHARASHTRA,401107,Q,12,S,,,R,20000,DD,7359253,7/5/2019,AFVPS8123P,12/31/1965,,81025352525,ICICI Bank,MUMBAI,814229102,,,SAVING,,,,,,,,NO,,,,,,,,Single,C,rahul82@gmail.com,9833994163,ICIC0000629
1234568,ICICI Securities,,1234568,1234568,MR Rahul Patel,"A 303, SHRI GANESH APT",SARVODAY COMPLEX,GOLDEN NEST,MUMBAI,MAHARASHTRA,401107,M,12,S,,,R,10000,DD,7359253,7/5/2019,DSWTS4178L,12/31/2000,,81025352525,ICICI Bank,MUMBAI,814229102,,,SAVING,,,,,,,,NO,,,,,,,,Single,C,rahul82@gmail.com,9833994165,ICIC0000629
1234569,ICICI Securities,,1234569,1234569,MR Vijay Singh,"A 303, SHRI GANESH APT",SARVODAY COMPLEX,GOLDEN NEST,MUMBAI,MAHARASHTRA,401107,C,12,S,,,R,60000,DD,7359253,7/5/2019,EOBKS4088A,12/31/1997,,81025352525,ICICI Bank,MUMBAI,814229102,,,SAVING,,,,,,,,NO,,,,,,,,Single,C,rahul82@gmail.com,9833994164,ICIC0000629
1234570,ICICI Securities,,1234570,1234570,MR Yahul Dubey,"A 303, SHRI GANESH APT",SARVODAY COMPLEX,GOLDEN NEST,MUMBAI,MAHARASHTRA,401107,C,12,S,,,R,30000,DD,7359253,7/5/2019,FNWSS4178A,12/31/1997,,81025352525,ICICI Bank,MUMBAI,814229102,,,SAVING,,,,,,,,NO,,,,,,,,Single,C,rahul82@gmail.com,9833994162,ICIC0000629
1234571,ICICI Securities,,1234571,1234571,MR Tahul Dubey,"A 303, SHRI GANESH APT",SARVODAY COMPLEX,GOLDEN NEST,MUMBAI,MAHARASHTRA,401107,C,12,S,,,R,30000,DD,7359253,7/5/2019,GNASS4178A,12/31/1997,,81025352525,ICICI Bank,MUMBAI,814229102,,,SAVING,,,,,,,,NO,,,,,,,,Single,C,rahul82@gmail.com,9833994169,ICIC0000629
1234572,ICICI Securities,,1234572,1234572,MR Aahul Dubey,"A 303, SHRI GANESH APT",SARVODAY COMPLEX,GOLDEN NEST,MUMBAI,MAHARASHTRA,401107,C,12,S,,,R,30000,DD,7359253,7/5/2019,HOOSS4178A,12/31/1997,,81025352525,ICICI Bank,MUMBAI,814229102,,,SAVING,,,,,,,,NO,,,,,,,,Single,C,rahul82@gmail.com,9833994161,ICIC0000629
1234573,ICICI Securities,,1234573,1234573,MR Lahul Dubey,"A 303, SHRI GANESH APT",SARVODAY COMPLEX,GOLDEN NEST,MUMBAI,MAHARASHTRA,401107,C,12,S,,,R,30000,DD,7359253,7/5/2019,IOZNS5078A,12/31/1997,,81025352525,ICICI Bank,MUMBAI,814229102,,,SAVING,,,,,,,,NO,,,,,,,,Single,C,rahul82@gmail.com,9833994168,ICIC0000629
1234574,ICICI Securities,,1234574,1234574,MR Ajay Dubey,"A 303, SHRI GANESH APT",SARVODAY COMPLEX,GOLDEN NEST,MUMBAI,MAHARASHTRA,401107,C,12,S,,,R,50000,DD,7359253,7/5/2019,BOZQS4088X,12/31/1985,,81025352525,ICICI Bank,MUMBAI,814229102,,,SAVING,,MR AJAY Verma,A/303,Shri Ganesh,"Golden Nest, Mira Road",Thane,401107,NO,,MR. Aditya Nayak,,AQEBQ8896L,,,,Single,C,gauravyadav82@gmail.com,9833994163,ICIC0000629
