ANDAMAN & NICOBAR,AN
ANDHRAPRADESH,AP
ARUNACHAL PRADESH,AR
ASSAM,AS
BIHAR,BH
CHANDIGARH,CH
CHATTISGARH,CHHS
DAMAN & DIU,DD
DELHI,DL
DADRA NAGAR HAVELI,DN
GOA,GA
GUJARAT,GJ
HIMACHAL PRADESH,HP
HARYANA,HR
JHARKHAND,JHK
JAMMU & KASHMIR,JK
KARNATAKA,KA
KERALA,KL
LAKHSHDWEEP,LD
MAHARASHTRA,MH
MIG STATE CODE,MIG
MEGHALAYA,ML
MANIPUR,MN
MADHYAPRADESH,MP
MIZORAM,MZ
NEW DELHI,ND
NAGALAND,NL
ORISSA,OR
PUNJAB,PB
GUJARAT GLASS LTD.,PGGL
PONDICHERRY,PY
RAJASTHAN,RJ
SIKKIM,SK
TELANGANA,TG
TAMIL NADU,TN
TRIPURA,TR
TELANGANA,TS
UTTARAKHAND,UK
UTTAR PRADESH,UP
UTTARANCHAL,UTH
WEST BENGAL,WB
