ABD,ABU DHABI
ABO,ABOHAR
ACG,ANCHORAGE
ACH,ACHAMPATHU
ACR,ACRA
ADB,ADDIS ABABA
ADL,ADELAIDE
ADLI,ADILABAD
ADM,AMSTERDAM
ADN,ADEN
ADO,ADONI
ADR,ADOOR
AGH,AZAMGARH
AGR,AGRA
AGT,AGARTALA
AHD,AHMEDABAD
AHMAD,AHMADNAGAR
AIWL,AIZAWL
AJR,AJMER
AKA,ANAKAPALLI
AKD,AUCKLAND
AKO,AKOLA
AL1,ALANGUDI
ALA,ALAVAKKOTTAI
ALAT,ALATHIOUR
ALB,ALIBAUG
ALD,ALLAHABAD
ALDO,ALDONA
ALG,ALONG
ALI,ALIGARH
ALM,ALMORA
ALP,ALAPPUZHA
ALR,ALWAR
ALW,ALWAYE
ALWA,ALWAYE/BANK JUNCTION
AM1,AMARAVATHIPUDUR
AM2,AMMAIYAPPAN
AMA,AMARAVATI
AMAR,AMBEDKAR NAGAR
AMB,AMBALA
AMH,AMROHA
AMI,AMRELY
AMK,AMBIKAPUR
AML,AMALNER
AMLI,AMRELI
AMP,AMALAPURAM
AMR,AMBUR
AMRIT,AMRITSAR
AMT,AMARAVATI
AMTI,AMRAVATI
ANA,ANANTHAPUR
ANAG,ANANTNAG
ANANT,ANANTPUR
AND,ANAND
ANG,ANGAMALY
ANGUL,ANGUL
ANJ,ANJUNA
ANK,ANKALESHWAR
ANNA,ANNAMALAI NAGAR
ANNS,ANDAMANS
ANR,AHMEDNAGAR
ANUL,ANUGUL
ANUP,ANUPPUR
ANUR,ANANTAPUR
AP,ANDRA PRADESH
APM,ANGADIPURAM
APY,ALLEPPEY
APZ,AMBALAPUZHA
ARA,ARANTANGI
ARIA,ARARIA
ARR,ARRAH
ARUR,ARIYALUR
ASAN,ASANSOL
ASG,ASSAGAO
ASN,ASSNORA
ATE,A.THEKKUR
ATH,ATHANI
ATK,ATHIKKADI
ATN,ATHENS
ATR,ATTUR(SALEM DIST)
AUC,AUCKLAND
AUD,AURANGABAD
AUYA,AURAIYA
AVI,AVINIPPATTI
AVN,AVINANGUDI
AWP,ANTWERP
AZL,AIZWAL
BAAL,BANGALORE RURAL
BAAM,BADGAM
BAAN,BARDDHAMAN
BAAR,BAGESHWAR
BAAT,BALAGHAT
BACH,BAHRAICH
BAD,BADRINATH
BADA,BANDA
BADD,BADDI
BADH,BAUDH
BAG,BAGALKOTE
BAGH,BAGHPAT
BAH,BAHARAIN
BAHA,BANAS KANTHA
BAI,BARDOLI
BAKA,BANKA
BAL,BALANGIR
BALA,BALASORE
BALL,BALLIA
BAM,BOMBOLIM
BAMBO,"BAMBOLIM, GOA"
BAN,BANGARAPET
BANKA,BANKA (BIHAR)
BAOT,BAGALKOT
BAR,BARMER
BARA,BANSWARA
BARAM,BARAMATI
BARBL,BARBIL
BARH,BARGARH
BARN,BARAN
BAS,BASTI
BAST,BASTORA
BATA,BARPETA
BATH,BATHINDA
BAUR,BALRAMPUR
BAV,BAVLA
BAW,BARWANI
BBG,BALLABH GARH
BBN,BRISBANE
BBNR,BHUBANESHWAR
BBY,MUMBAI
BCN,BARCELONA
BCT,BUCHAREST
BDA,BADAGARA
BDD,BAGHDAD
BDH,BHADOHI
BDPR,BADLAPUR
BDR,BIDAR
BEA,BEUONOS AIRES
BEG,BEGUSARAI
BEL,BELLEVUE
BENAU,BENAULIM- GOA
BERH,BERHAMPUR ORISSA
BET,BETUL
BGD,BELGRADE
BGGJ,BEGAMGANJ
BGL,BEGULSARAI
BGMP,BEGUMPET
BGPR,BHAGALPUR
BHA,BHARUCH
BHAD,BHADRAVATI
BHAK,BHADRAK
BHAN,"BHANJANAGAR, GANJAM DIST ORISSA"
BHD,BHANDARA
BHG,BHANGAGARH
BHGH,BAHADURGARH
BHI,BHIND
BHM,BAHARAMPUR
BHOW,BHOWANIPORE
BHPR,BHARATPUR
BHR,BHAGALPUR
BHU,BHUVANAGIRI
BHUR,BHOJPUR
BIC,BICHOLIM
BICH,BICHOLIM
BIID,BID
BIJ,BIJAPUR
BILL,BILLIMORA
BIUM,BIRBHUM
BIUR,BISHNUPUR
BJG,BEIJING
BJNR,BIJNOR
BJP,BIJAPUR
BKK,BANGKOK
BKN,BIKANER
BKRO,BOKARO
BLAI,BHILAI
BLE,BALESHWAR
BLF,BELFAST
BLGM,BELGAUM
BLN,BERLIN
BLPR,BILASPUR
BLR,BULANDSHAHAR
BLWR,BHILWARA
BLY,BELLARY
BMBAY,BOMBAY
BMM,BIRMINGHAM
BNA,BARNALA
BNG,BANGALORE
BNK,BANKURA
BNR,BHUBANESWAR
BOB,BOBLINGEN (GERMANY)
BODI,BODINAYAKANUR
BOL,BOLANGIR
BOLE,BOLEPUR
BOMD,BOMDILA
BOON,BONGAIGAON
BOR,BOISAR
BPG,BHOPALGUNJ
BPL,BHOPAL
BPR,BHOZPUR
BRAHM,BRAHMAWART COMM. CO.OP. BANK  KANPUR
BRBNK,BARABANKI
BRD,BARODA
BRE,BARDEZ
BRLY,BAREILLY
BRPR,BERHAMPUR
BRS,BARASAT
BRU,BRUSSELS
BRY,BARIELLY
BSD,BASODA
BSN,BOSTON
BSR,BULSAR
BTA,BHATINDA
BUJ,BHUJJ
BUL,BULDHANA
BUN,BUNDI
BUNA,BULDANA
BUR,BURDWAN
BURN,BURNPUR
BUUN,BUDAUN
BUX,BUXAR
BVNR,BHAVNAGAR
BWD,BHIWADI
BWN,BHIWANI
BYP,BEYPORE
C5.88,FD INTEREST @5.88
CAAR,CACHAR
CAL,CALCUTTA
CALA,CALANGUTE
CAN,CANNANORE
CAND,CANDOLIM
CANS,CANSAULIM
CAR,CARANZALEM
CBE,COIMBATORE
CBG,CAMBGIDGE
CBR,CANBERRA
CCN,KOCHI
CCS,CARACAS
CCUT,CALICUT
CDB,CHIDAMBARAM
CDP,CUDDAPPAH
CDY,CHOWALLURPADY
CEHI,CENTRAL DELHI
CGH,CHITORGARH
CGR,CHANDIGARH
CHA,CHHAPRA
CHAI,CHAMPHAI
CHAR,CHAMARAJANAGAR
CHAT,CHAMPAWAT
CHBA,CHAMBA
CHD,CHARKHI DADRI
CHE,CHENNAI
CHEL,CHANDEL
CHGA,CHITRADURGA
CHHI,CHHINDWARA
CHI,CHITOOR
CHIK,CHIKMAGALUR
CHIT,CHITOOR
CHK,CHAKAN
CHLI,CHAMOLI
CHN,CHURN
CHNC,CHUNCHURA
CHNG,CHANGLANG
CHOT,CHITRAKOOT
CHR,CHHATARPUR
CHRA,CHATRA
CHRH,CHITTAURGARH
CHS,CHAS
CHT,CHERTHALA
CHTGG,CHITTAGONG
CHU,CHURU
CHUR,CHURACHANDPUR
CHY,CHANGANACHERRY
CKI,CHALAKUDY
CKPT,CHILAKALURIPET
CLB,"COLOMBO, SRILANKA"
CND,CHINDWARA
CNG,CHENGANNUR
CNN,CANNANORE
CNR,COONOOR
COL,COLUMBUS
COLV,COLVALE
COT,COTONOU
CPN,COPEN HAGEN
CPR,CHANDRAPUR
CPT,CAPE TOWN
CRO,CAIRO
CTG,CHITTAGONG
CTH,CHRISTCHURCH
CTK,CUTTACK
CTP,CHATRAPATTI
CUAH,CUDDAPAH
CUD,CUDDALORE
CVA,CHAVARA
CWD,CHINCHWAD
DABOL,"DABOLIM, GOA"
DAD,DAHOD
DADA,DANTEWADA
DAH,DAHANU
DAII,DATIA
DAKS,DAKSHINA KANNADA
DALI,DADRA & NAGAR HAVELI
DAM,DAMAN
DAMOH,DAMOH
DANDE,DANDEWADA-PIN CODE - 494553 STATE - CHHATISGARH
DANG,DARJILING
DARE,DAVANAGERE
DARR,DARRANG
DAUR,DAKSHIN DINAJPUR
DAUS,DAUSA
DBD,DHANBAD
DBH,DARBHANGA
DBI,DOMBIVLI
DBN,DURBAN
DBR,DIBRUGARH
DDN,DEHRADUN
DEAR,DEOGHAR
DEE,DEESA
DERH,DEBAGARH
DEV,DEVAKOTTAI(MAIN)
DGL,DINDIGUL
DGR,DAVANGERE
DHA,DOHA
DHAI,DHALAI
DHAR,DHAR
DHB,DHANBAD
DHJI,DHEMAJI
DHLE,DHULE
DHM,DHARMAPURI
DHP,DHARAPURAM
DHR,DHARWAR
DHRI,DHAMTARI
DHUR,DHAULPUR
DHW,DHARWAD
DIA,DIAMOND HARBOUR
DIEY,DIBANG VALLEY
DIIU,DIU
DIM,DIMAPUR
DIRI,DINDORI
DIS,DISA
DISP,DISPUR
DKA,DHAKKA
DKB,CENTRALDELHIKAROLBAGH
DL,DELHI
DLA,DHULIA
DLG,DARJEELING
DLJ,DULIAJAN
DMS,DHARAMSHALA
DNK,DHENKANAL
DOAD,DOHAD
DOD,DODA
DPR,DURGAPUR
DRA,DEORIA
DRJ,DHORAJI
DRL,DEROL
DRN,DHAHRAN
DSM,DAR ES SALAM
DTN,DALTENGANJ
DUKA,DUMKA
DURG,DURG
DUUR,DUNGARPUR
DVI,DEVIPATNAM
DVK,DEVIKAPURAM
DVL,DEOLALI
DWS,DEWAS
DXB,DUBAI
EAAR,EAST NIMAR
EAHI,EAST DELHI
EALS,EAST GARO HILLS
EANG,EAST KAMENG
EARI,EAST GODAVARI
EAST,EAST
EDB,EDINBURG
ELA,ELATHUR
ELR,ELURU
ELU,ELURU
EMN,EDMONTON
ERD,ERODE
ERI,ERIYUR
ERM,ERNAKULAM
ETA,ETAH
ETAH,ETAWAH
ETR,ETTUMANOOR
EVN,EDAVANNA
FAAD,FATEHABAD
FAIB,FATEHGARH SAHIB
FAR,FARIDKOT
FAUR,FATEHPUR
FBD,FAIZABAD
FER,FEROZEPUR
FFT,FRANK FURT A/M
FKBD,FARRUKHABAD
FRD,FARIDABAD
FRZ,FIROZABAD
FTH,FATEHGARH
FZR,FIROZPUR
GAAG,GADAG
GAAL,GARHWAL
GAAM,GANJAM
GAAR,GANGANAGAR
GABU,GAUTAM BUDDHA NAGAR
GALI,GADCHIROLI
GAN,GANGAVATHI (KARNATAKA)
GATI,GAJAPATI
GAWA,GARHWA
GAY,GAYA
GBA,GULBARGA
GBD,GHAZIABAD
GDH,GIRIDIH
GGK,GANGTOK
GGN,GURGAON
GHT,GAUHATI
GHUR,GHAZIPUR
GIL,GILGIT
GNJ,GOPAL GANJ
GNM,GANDHIDHAM
GNOR,GANOUR
GNR,GANDHINAGAR
GNV,GENEVA
GOA,GOA
GOAT,GOLAGHAT
GOB,GOBICHETTIPALAYAM
GOBI,GOBICHETIPALAYAM
GOD,GODHRA
GODA,GODDA
GON,GONDAL
GONJ,GOPALGANJ
GORA,GOALPARA
GOYA,GONDIYA
GPJ,GOPIGANJ
GPR,GORAKHPUR
GRN,GOREGAON
GRNDA,GREATER NOIDA
GRV,GURUVAYOOR
GSG,GLASGOW
GTR,GUNTUR
GU,GUNA
GUIR,GUIRIM
GUL,GULBARGA
GULA,GUMLA
GULO,GULOATHI
GUN,GUNTUR
GUNT,GUNTAKAL
GUR,GURDASPUR
GWR,GWALIOR
GZN,GIZAN
HAAR,HARDWAR
HADA,HARDA
HADI,HAILAKANDI
HAN,HANUMANGARH
HANUM,HANUMANGARH
HAO,HAORA
HAOI,HARDOI
HAR,HARIPAD
HATH,HATHRAS
HAV,HAVERI
HAZ,HAZARIBAGH
HGH,HOOGHLY
HIAR,HISAR
HILI,HINGOLI
HIM,HIMMATNAGAR
HJP,HAJIPUR
HKG,HONGKONG
HLD,HALDIA
HLL,HALOL
HMB,HAMBURG
HMP,HAMIRPUR
HNI,HANOI
HNK,HANUMAKONDA (WARANGAL DT)
HON,HOSHANGABAD
HOO,HOOGHLY
HOR,HOLALUR
HOS,HOSUR
HOW,HOWRAH
HPR,HOSHIARPUR
HPT,HOSPET
HPU,HAPUR
HSK,HELSINKI
HSN,HASSAN
HSR,HISSAR
HUB,HUBLI
HULI,HUGLI
HUN,HUNUMAN NAGAR
HWD,HINJAWADI
HWH,HOWRAH
HWN,HALDWANI
HWR,HARIDWAR
HYD,HYDERABAD
HZB,HAZARIBAD
IBD,ISLAMABAD
ICH,ICHAPUR
IDA,IDALYUR
IDK,IDUKKI
IDP,IDAPADI
IJI,ICHALAKARANJI
IJK,IRINJALAKUDA
IMEA,IMPHAL EAST
IMP,IMPHAL
IMWE,IMPHAL WEST
IND,INDORE
IRN,IRINGA (TANZANIA)
ITA,ITARSI
ITARS,ITARSI
ITB,ISTANBUL
JAAR,JALANDHAR
JAD,JADUGODA
JAG,JAGATSINGHPUR
JAGDL,JAGDALPUR-CHTTISGARH
JAGRN,JAGRAON
JAI,JAIPUR
JAJA,JAJAPUR
JALS,JAINTIA HILLS
JAM,JAMNAGAR
JAMSH,JAMSHEDPUR
JAN,JANGAREDDYGUDEM
JAOR,JALOR
JAPA,JANJGIR - CHAMPA
JAU,JAUNPUR
JAUI,JAMUI
JAUN,JALAUN
JAUR,JAGATSINGHAPUR
JBL,JABALPUR
JDD,JEDDAH
JEAD,JEHANABAD
JEYP,JEYPORE
JGH,JUNAGADH
JGN,JALGAON
JHA,JHARIA
JHAR,JHAJJAR
JHB,JOHANNESBURG
JHR,JHARSUGUDA
JHUA,JHABUA
JHUN,JHUNJHUNUN
JHW,JHALAWAR
JIN,JIND
JKT,JAKARTA
JLN,JALNA
JLR,JULLUNDUR
JMU,JAMMU
JNS,JHANSI
JNU,JHUNJHUNU
JODA,JODA
JOR,JORHAT
JOWA,"JOWAT, MEGHALAYA PINCODE: 793150"
JPG,JALPAIGURI
JPR,JODHPUR
JSL,JAISALMER
JYAR,JYOTIBA PHULE NAGAR
KAA,KADI
KAAL,KAITHAL
KAAM,KANCHEEPURAM
KAAR,KANPUR NAGAR
KAAT,KANPUR DEHAT
KABI,KAUSHAMBI
KAD,KUMBANAD
KADI,KALAHANDI
KAER,KANKER
KAG,KARIM NAGAR
KAHA,KAWARDHA
KAHH,KACHCHH
KAI,KARAIKUDI
KAIL,KARGIL
KAL,KALYAN
KALA,KALAMASSERY
KALI,KARAULI
KALO,KALOL
KAN,KANPUR
KAND,KANDHAMAL
KANG,KARBI ANGLONG
KANJ,KARIMGANJ
KANR,KANNUR
KAOD,KASARAGOD
KAP,KAPURTHALA
KAR,KANNUR
KARA,KARAD
KARI,KANNIYAKUMARI
KAS,KASARGOD
KAT,KATTAPANA
KAUA,KAIMUR (BHABUA)
KAUJ,KANNAUJ
KAUP,KAMRUP
KAV,KAVALKINARU
KAWA,KAWARDHA
KAY,KAYAMKULAM
KBL,KABUL
KDA,KANDAVARAYANPATTI
KDI,KADI
KDK,KODAIKANAL
KDL,KANDLA
KEAR,KENDUJHAR
KEE,KEERANUR
KEL,KEELAVALAVU
KEO,KEONJHAR
KERA,KENDRAPARA
KEV,KEVADIA
KGD,KANHANGAD
KGM,KOTHAGUDEM
KHA,KHANDWA
KHA01,KHARGONE
KHAJ," KHAJURAHO -471606,MADHYA PRADESH"
KHAM,KHAMMAM
KHAR,KHARAGPUR
KHD,KHEDA
KHHA,KHORDHA
KHIA,KHAGARIA
KHN,KHANNA
KHP,KHAPOLI
KHR,KHURDA
KHRI,KHERI
KHU,KHURZA
KINJ,KISHANGANJ
KIUR,KINNAUR
KJT,KARJAT
KKA,KOTTARAKKARA
KKD,KOZHIKODE
KKI,KANYA KUMARI
KKM,KUMBAKONAM
KKN,KAKINADA
KKR,KURUKSHETRA
KKUDI,KARAIKUDI
KL1,KOLLIDAM
KLA,KEELAVALAVU
KLD,KADALADI
KLK,KILAKKARAI
KLL,KALLAL
KLM,KOLLAM
KLML,KULLU MANALI
KLP,KUALALAMPUR
KLPR,KOLHAPUR
KLR,KOLAR
KLY,KOLENCHERRY
KMD,KATHMANDU
KMM,KOTHAMANGALAM
KMR,KASHMIR
KNA,KAIRANA
KND,KANDANUR
KNE,KONERIRAJAPURAM
KNI,KONNI
KNK,KUNNAMKULAM
KNL,KARNAL
KNP,KARUNAGAPPALLY
KNR,CORRIM NAGAR
KNRK,KONARAK
KOAL,KOPPAL
KOAR,KOCH BIHAR
KOC,KOCHI
KOD,KODMUDI
KOGU,KODAGU
KOHIM,KOHIMA- NAGALAND
KOIB,KOLASIB
KOL,KOLKATA
KOLM,KOLLAM
KOM,KOMARATCHI
KOMA,KODARMA
KON,KONAPET
KOO,KOOTHANALLUR
KOP,KOLHAPUR
KOPA,KOPPANAPATTI
KOR,KORBA
KORP,KORAPUT
KOT,KOTA
KOYA,KORIYA
KPL,KAMPALA
KPM,KANCHIPURAM
KPP,KAPURTHALA
KPT,KALPETTA
KPY,KANJIRAPPALLY
KRA,KAIRA
KRC,KARACHI
KRI,KRISHNA
KRMR,KARIMNAGAR
KRNL,KURNOOL
KRR,KARUR
KSY,KALAMASSERY
KTA,KOTA
KTH,KATIHAR
KTM,KOTTAYAM
KTN,KATNI
KTP,KOTTAIPATTINAM
KTT,KOTTAYAM
KTY,KOTTAIYUR
KUAR,KUSHINAGAR
KUL,KULPIRAI
KULU,KULLU
KUN,KUNNAMANGALAM
KUR,KUMARAVELUR
KURA,KUPWARA
KURN,KURNOOL
KUS,KUSHALNAGAR
KUT,KUTTIPPURAM
KWT,KUWAIT
KYL,KAYALPATTINAM
KYM,KAYAMKULAM
KZD,KAZARGODE
KZY,KOZHENCHERRY
LAAI,LAKHISARAI
LAEP,LAKSHADWEEP
LAGOS,LAGOS
LAL,LASALGAON
LAS,LOS ANGELES
LAT,LATUR
LATI,LAHUL & SPITI
LAUR,LAKHIMPUR
LBN,LISBON
LDN,LUDHIANA
LEH),LEH (LADAKH)
LOH,LOHARDAGA
LOIT,LOHIT
LON,LONDON
LONV,LONAVALA
LORI,LOWER SUBANSIRI
LPT,LALPET
LSK,LUSAKA
LUCK,LUCKNOW
LUD,LUDHIANA
LUEI,LUNGLEI
MAA,MANDI
MAAH,MALDAH
MAAM,MALAPPURAM
MAAR,MAHBUBNAGAR
MAAU,MAU
MABA,MAHOBA
MADHU,MADHUPUR
MADI,MADIKERI
MAG,MANDI GOBINDGARH
MAH,MAHINDER GARH
MAHE,MAHE
MAI,MANDI
MAIT,MAMIT
MAKN,MAKRANA
MAL,MALAPURAM
MALA,MANDLA
MALD,MALDA TOWN
MAMP,MAMALLAPURAM
MAN,MANILA
MANA,MAHESANA
MAND,MANDYA
MANJ,MAHRAJGANJ
MANJR,MANJERI
MAON,MARIGAON
MAP,MAPUCA
MAR,MARGAO
MARA,MADHEPURA
MARH,MAHENDRAGARH
MARI,MAINPURI
MAS,MANSA
MAT,MATHURA
MBD,MORADABAD
MBN,MADHUBANI
MBW,MAHABALESHWAR
MCN,MUNICH
MCW,MOSCOW
MDB,MURSHIDABAD
MDD,MADRID
MDM,MANDORE MANDI
MDR,MUNDUR
MDS,CHENNAI
MDU,MADURAI
ME,MIRA ROAD(E)
MEAK,MEDAK
MEH,MEHSANA
MEL,MELASTVAPURI
MER,MERCES
MEUR,MEDINIPUR
MGD,MANNARGUDI
MGG,MANDI GOBIND GARH
MGO,MANNARGUDI
MHD,MAHAD
MHI,MAHIBALANPATTI
MHOW,MHOW-MP
MIAMI,"MIAMI,FLORIDA"
MIC,MICHIGAN
MID,MIDNAPUR
MIG,MIG CITY CODE
MIL,MILAN
MIUR,MIRZAPUR
MLI,MALLIKAPURAM
MLK,MELANIKULIKUDIKADU
MLP,MELAPAVOOR
MLR,MELOLAKKUR
MLU,MELUR
MLY,MALAIYUR
MNG,MANGALORE
MNR,MUNNAR
MOGA,MOGA
MOH,MOHALI
MOL,MOHALI
MONA,MORENA
MONG,MOKOKCHUNG
MOON,MON
MPL,MANIPAL
MPZ,MUVATTUPUZHA
MRS,MAURITIUS
MRT,MEERUT
MRY,MATTANCHERY
MSD,MANDSAUR
MSL,MARSEILLES
MST,MUSCAT
MSU,MASERU
MTL,MONTREAL
MUA,MUMBAI - ANDHERI
MUAR,MUKTSAR
MUF,MUZZAFARNAGAR
MUN,MUNGER
MUN),MUMBAI (SUBURBAN)
MUR,MURAIYUR
MUS,MUSSOORIE
MUT,MUTHUPET
MUZ,MUZAFFARABAD
MUZA,MUZAFFARNAGAR
MVK,MAVELIKKARA
MXC,MEXICO
MYD,MAYILADUTHURAI
MYS,MYSORE
MZPR,MUZAFFARPUR
MZR,MUZAFFAR NAGAR
NAAR,NANDURBAR
NAC,NACHANDUPATI
NADA,NALANDA
NAG,NAGDA
NAGA,NAGAPATTINAM
NAGN,NAGAON
NAGU,NAGAUR
NAIK,NASHIK
NALD,NACHINOLA-ALDONA
NALE,NALASOPARA(E)
NALW,NALASOPARA(W)
NAM,NAMAKKAL
NAR,NARNAUL
NARH,NAYAGARH
NARI,NALBARI
NARM,NARMADA
NARS,NARSIMHAPUR
NARSI,NARSINGHPUR
NAT,NATTARASANKOTTAI
NAUR,NABARANGAPUR
NAVM,NAVI MUMBAI
NAWA,NAWADA
NBH,NABHA
NBR,NILAMBUR
ND,NEW DELHI
NDA,NADIA
NDD,NEDUMANGAD
NDIAD,NADIAD
NECH,NEEMUCH
NEM,NEMATHANPATTI
NESS,NESSAI
NEWBO,NEW BOMBAY
NEWMU,NEW MUMBAI
NEY,NEYVELI
NGL,NAGERCOIL
NIP,NIPANI
NIRS,NICOBARS
NJY,NEW JERSEY
NLG,NALGONDA
NLI,NELLAYI
NLR,NELLORE
NMM,NEMOM
NND,NANDED
NNT,NAINITAL
NOC,NEW ORLEANS
NOEA,NORTH EAST DELHI
NOHI,NORTH DELHI
NOI,NOIDA
NOL,NEW ORLEANS
NOLS,NORTH CACHAR HILLS
NOOA,NORTH GOA
NORA,NORTH TRIPURA
NOTH,NORTH
NOW,NOWGONG
NOWE,NORTH WEST DELHI
NPR,NAGPUR
NPRR,NORTH PARUR
NRB,NAIROBI
NRT,NAZRETH
NSK,NASIK
NSR,NAVSARI
NSRB,NASIRABAD
NSW,NEW SOUTH WALES
NUDA,NUAPADA
NUR,NURMAHAL
NWNC,NW NORTH CANTON OH-44720 USA
NWR,NAWANSHAHR
NYJ,NEW JERSEY
NYK,NEW YORK
NZD,NIZAMABAD
OKH,OKHA
OLU,OLLUR
ONG,ONGOLE
ORA,ORATHUR
OREWA,OREWA
OS,OSLO
OSI,O.SIRUVAYAL
OSK,OSAKA
OSMN,OSMANABAD
OTW,OTTAWA
OTY,OOTY/OTACAMUND
PAAD,PALAKKAD
PAAN,PASHCHIM CHAMPARAN
PAG,PAGANERI
PAL,PALANPUR
PALAN,PALANI
PALI,PALI
PALS,PANCH MAHALS
PAMU,PALAMU
PAN,PANCHKULA
PANA,PANNA
PANC,PANCHKULA
PANI,PARBHANI
PANJ,PANJIM
PANJI,PANJIM
PANV,PANVEL
PAP,PAPUA
PAR,PARIS
PARE,PAPUM PARE
PAT,PATIALA
PATAN,PATAN
PATHA,PATHANAMTHITTA
PAU,PAURI
PAUM,PASHCHIMI SINGHBHUM
PAUR,PAKAUR
PBR,PORBANDAR
PCH,PONDICHERRY
PCT,PATHANCOT
PDCY,PUDUCHERRY
PDP,PARADEEP
PDR,PEDDUR
PED,PEDNE
PEN,PENNSYLVANIA
PER,PERALAM
PERN,PERINTALMANNA
PEUR,PERAMBALUR
PEZ,PEROZEPUR
PGG,PATALGANGA
PGH,PITHORA GARH
PGL,PAURI GAZHUAL
PGR,PALGHAR
PGT,PALGHAT
PHA,PHAGWARA
PHEK,PHEK
PHIL,PHILADELPHIA
PIL,PILIBHIT
PILE,PILERNE
PIRH,PITHORAGARH
PJM,PANAJI
PJR,PINJORE
PKL,PANCHKULA
PKR,POKARAN
PLA,P.ALAGAPURI
PLG,PALAVANGUDI
PLI,PALAI
PLK,PULANKURICHI
PLM,POOLAMPATTI
PLN,PILANI
PLR,PUNALUR
PLU,PERIYAKULAM
PLY,PULIYUR
PM,PEN
PMD,PATTAMADAI
PMK,PARAMAKUDI
PMV,PONNAMARAVATHI
PN,PONDA
PNA,PATHANAMTHITTA
PNK,PANAIKULAM
PNM,PANAMA CITY
PNR,PAYYANNUR
POL,POLLACHI
PON,PONDA
POP,PONPETHI
POR,PORVORIM
PPT,PANIPAT
PRAM,PRAKASAM
PRDT,PRODDATUR
PRG,PARAGANAS
PRGH,PRATAPGARH
PRM,PERUMBAVOOR
PRR,PARAVOOR
PRS,PARIS
PRT,PORTONOVO
PRTB,PARTABPUR
PTBR,PORT BLAIR
PTH,PERTH
PTM,PATTAMBI
PTN,PATNA
PTR,PRETORIA
PTU,PATTUKOTTAI
PUAI,PUDUKKOTTAI
PUAN,PURBA CHAMPARAN
PUCH,PUNCH
PUD,PUDUKOTTAI
PUL,PULMAMIDI
PUMA,PULWAMA
PUNE,PUNE
PUR,PURULIA
PURA,PURNIA
PURI,PURI
PUUM,PURBI SINGHBHUM
PUYA,PURULIYA
PVM,PIRAVOM
PVT,PAVITHRAM
PWL,PALWAL
QBC,QUEBEC
QLN,QUILON
RAAM,RAMANATHAPURAM
RADA,RAYAGADA
RADI,RANGAREDDI
RAEN,RAISEN
RAG,RAMGARH
RAH,RAMGANH MANDI
RAIG,RAIGARH
RAIR,RAIRANGPUR
RAJ,RAJULA
RAJG,RAJGARH
RAK,RAS AL KHAIMAH
RALI,RAE BARELI
RAM,RAMPUR
RAN,RANCHI
RAND,RAJSAMAND
RANI,RANIGANJ
RARH,RAIGARH
RARI,RAJAURI
RASAG,RASAGOBINDAPUR
RAT,RATLAM
RAV,RAVANASAMUDRAM
RAY,RAYAVARAM
RBY,RAE BAREILLY
RCP,RAMACHANDRAPURAM
RCR,RAICHUR
RDJ,RIO DE JANEIRO
RED,REDDIARCHATRAM
REW,REWARI
RFW,"RENFREW , U.K"
RGD,RAIGAD
RGM,RAMAGUNDAM
RGR,RATNAGIRI
RIOI,RI BHOI
RJK,RAJKOT
RJNDG,RAJNANDGAON
RJP,RAJPURA
RJR,RAJAMUNDRY
RKE,ROORKEE
RKL,ROURKELA
RKS,RISHIKESH
RMA,ROMA  ITALY
RME,ROME
RMN,REMUNA
RMP,RAMPUR
RMPR,RAMANATHAPURA
RMT,RAMAPATTINAM
RND,RANGA REDDY
RNG,RANGIEM
ROAS,ROHTAS
ROH,ROHA
ROP,ROPAR
RPM,RAJALPALAYAM
RPR,RAIPUR
RPT,RANIPET
RTK,ROHTAK
RUAG,RUDRAPRAYAG
RUAR,RUPNAGAR
RUD,RUDRAPUR
RWA,REWA
RWR,RIWARI
RYD,RIYADH
RYJ,RYEKJAVIK
SAA,SATNA
SAAN,SARAN
SAAR,SANT KABIR NAGAR
SAF,SAFAT
SAGAR,SAGAR
SAHA,SABAR KANTHA
SAHI,SANT RAVIDAS NAGAR BHADOHI
SAJ,SAN JOSE
SALC,SALCETE - GOA STATE
SAM,SAMAYNALLUR
SAMR,SAMBALPUR
SAN,SANGOLDA
SANG,SANGRUR
SANJ,SAHIBGANJ
SANQ,SANQUELIM
SANTA,SANTACRUZ
SAS,SASARAM
SASA,SAHARSA
SASR,SAHARSA
SAT,SATARA
SATNA,SATNA
SAUR,SAWAI MADHOPUR
SBD,SAHIBABAD
SBK,SABARKANTHA
SDI,SIDHI
SEC,SECUNDERABAD
SEH,SEHORE
SEIP,SERCHHIP
SEN,SENDWHA
SEONI,SEONI
SETI,SENAPATI
SFC,SAN FRANCISCO
SGN,SRIGANGANAGAR
SGP,SINGAPORE
SHAH,SHAHJAHANPUR
SHAP,SHAHPUR
SHAR,SHEOHAR
SHDO,SHAHDOL
SHEO,SHEOPUR
SHIM,SHIMLA
SHJ,SHARJAH
SHL,SHILLONG
SHM,SHIMOGA
SHO,SHOLAVANDAN
SHOL,SHOLINGANALLUR
SHOLA,SHOLAPUR
SHRA,SHEIKHPURA
SHRI,SHIVPURI
SHTI,SHRAWASTI
SHTL,SHERTALLAI
SHUR,SHAJAPUR
SIA,SINNAR
SIAR,SIBSAGAR
SID,SINDHANUR
SIDD,SIDDHARTHNAGAR
SIG,SHILIGURI
SIHI,SIROHI
SIK,SIKAR
SIKA,SIKANDRABAD
SIL,SILVASSA
SILI,SILIGURI
SIM,SIMLA
SIN,SINGAMPUNARI
SIO,SIOLIM-BARDEZ
SIR,SIRSA
SIRC,SIRCAIM
SIRG,SINDHUDURG
SITA,SITAPUR
SIUR,SIRMAUR
SIURI,SURI
SIV,SIVAGANGA
SKM,STOCKHOLM
SKS,SIVAKASI
SLG,SILLIGURI
SLL,SAOPALO
SLM,SALEM
SLO,OSLO
SLR,SILCHAR
SMH,SITAMARHI
SMP,SAVAI MADHOPUR
SMPR,SAMASTIPUR
SNG,SANGLI
SNGR,SANGAREDDY (A.P.)
SNK,SANKARAPURAM
SNR,SRINAGAR
SNY,SYDNEY
SOAT,SONIPAT
SOHI,SOUTH DELHI
SOL,SEOUL
SOLS,SOUTH GARO HILLS
SON,SOLAN
SONI,SONITPUR
SOOA,SOUTH GOA
SOR,SOLAPUR
SORA,SONBHADRA
SOTH,SOUTH
SOTR,SOUTH TRIPURA
SOUR,SONAPUR
SOWE,SOUTH WEST DELHI
SPL,SAOPALO
SPR,SAHARANPUR
SPT,SONEPAT
SRI,SRIKAKULAM
SRM,SARAM
SRT,SURAT
SRU,SIRUVACHUR
SSI,SIRSI
SSO,S.SOKKANATHAPURAM
STG,SANTIAGO
STH,SITHILINGAMADAM
STL,SEATTLE
STP,ST PETERBERG
STY,SATHYAMANGALAYAM
SUAR,SURENDRANAGAR
SUB,SULTAN'S BATTERY
SUG,SURENDRA NAGAR
SUJA,SURGUJA
SUL,SULTANPUR
SUN,SUNDARAPANDIAPURAM
SUR,SURATGARH
SURH,SUNDARGARH
SURI,SURI
SUUL,SUPAUL
SWN,SIWAN
SWZ,SWITZERLAND
SZG,SALZBURG
TAAW,TAWANG
TAD,TADEPALLIGUDEM
TAK,TANUKU
TAN,TANJORE
TANG,TAMENGLONG
TAT,TARN  TARAN
TCR,TRICHUR
TDD,TRIMIDAD
TEAL,TEHRI GARHWAL
TEH,TEHRI
TEHSI,WRONGLY CREATED.DUMMY ENTRY.
TEI,THENI
TEN,TENKASI
TEZ,TEZU
TGA,TALAGUPPA
THA,THANA
THAL,THOUBAL
THAM,THIRUVANANTHAPURAM
THDI,THOOTHUKKUDI
THGS,THE DANGS
THIS,THE NILGIRIS
THL,THALTEJ
THNE,THANE
THO,THOTTIAPATTI
THUR,THIRUVALLUR
THUV,THIRUVARUR
TI,TENALI
TIAI,TIRUVANNAMALAI
TIAP,TIRAP
TILI,TIRUCHIRAPPALLI
TIM,THIRUVANNIMALAI
TIND,TINDIVANAM
TIR,TIRUPATHI
TIRH,TIKAMGARH
TIRU,TIRUPATHI
TIRUR,TIRUR
TIRV,TIRUVARUR
TIS,TISWADI GOA
TIV,TIVIM
TJR,THANJAVUR
TKA,THRIKKAKARA
TKR,THALAKKADATHUR
TKY,TOKYO
TLA,TIRUVALLA
TLS,THALASSERY
TLY,TELLICHERRY
TMP,THIRUMURUGANPOONDI
TND,TANDUR (R.R. DIST)
TNV,TIRUNELVELI
TONK,TONK
TP,TARAPUR
TPA,TRIPUNITHURA
TPB,TALIPARAMBA
TPE,TAIPEI
TPI,TIRUPATI
TPL,TRIPOLI
TPR,TEZPUR
TPU,TALAYOLAPARAMBU
TPZ,THODUPUZHA
TR1,TIRUPPATTUR (T.S.DIST)
TR2,TIRUPATTUR(P.T.T DIST)
TRI,TRICHY
TRL,TIRUVALAM
TRM,TIRUMANGALAM
TRR,TIRUPUR
TRS,THRISSUR
TRU,TIRUPUVANAM
TRV,TRIVANDRUM
TRY,TIRUCHIRAPALLY
TSK,TINSUKIA
TSR,TIRUSHUR
TTN,TUTICORIN
TUM,TUMKUR
TUNG,TUENSANG
TVA,TIRUVALLA
TVM,TIRUVANANTHAPURAM
TWN),TWENTY FOUR PARGANAS(N)
TWS),TWENTY FOUR PARGANAS(S)
UDA,UDAYAMARTHANDAPURAM
UDAL,UDALA
UDAR,UDHAM SINGH NAGAR
UDH,UDHAILYAH
UDM,UDUMALPET
UDP,UDUPI
UDR,UDAIPUR
UDU,UDHAMPUR
UHNR,ULHASNAGAR
UJN,UJJAIN
UKUL,UKHRUL
UMIA,UMARIA
UNA,UNA
UNJ,UNJHA
UNN,UNNAO
UPNG,UPPER SIANG
UPRI,UPPER SUBANSIRI
UTDA,UTTARA KANNADA
UTK,UTTARKASHI
UTUR,UTTAR DINAJPUR
VAD,VADAKKANULAM
VADK,VADAKARA
VAL,VALSAD
VALI,VAISHALI
VAN,VANCOUVER
VAP,VAPI
VAS,VASCO
VASHI,VASHI
VDR,VADODARA
VE,VASAI(E)
VEN,VENGUR
VER,VEERAPANDIAPATTINAM
VEREM,"VEREM, GOA"
VET,VETTAIKARANUPUDDUR
VIA,VIRACHILAI
VIAM,VILUPPURAM
VID,VIDISHA
VIJ,VIJAYANAGARAM
VIKH,VISAKHAPATNAM
VIL,VILLUPURAM
VIR,VIRUDHACHALAM
VIRE,VIRAR(E)
VIRW,VIRAR(W)
VIS,VISHAKAPATNAM
VIZ,VIZIANAGARAM
VJD,VIJAYAWADA
VKM,VAIKOM
VLN,VELLANUR
VLR,VELLORE
VLU,VALUTHOOR
VMD,VEMANDAMPALAYAM
VNA,VIENNA
VNL,VANIAMBADI
VNR,VIRUDHUNAGAR
VNS,VARANASI
VPY,VADANAPPALLY
VRE,VASAI ROAD(E)
VRK,VARKALA
VRL,VERAVAL
VRV,VRINDAVAN
VRW,VASAI ROAD(W)
VSK,VASCO DA GAMA
VVK,VLADIVOSTOCK
VVN,VALLABH VIDYA NAGAR
VVS,VANVASI
VW,VASAI (W)
VZM,VIZHINJAM
WAAD,WAYANAD
WAID,WAIDHAN  (M. P)
WAIM,WASHIM
WAR,WARDHA
WEAR,WEST NIMAR
WEHI,WEST DELHI
WELS,WEST GARO HILLS
WENG,WEST KAMENG
WERA,WEST TRIPURA
WERI,WEST GODAVARI
WEST,WEST
WGL,WARANGAL
WOHA,WOKHA
WSW,WARSAW
WTL,WELLINGTON
WTN,WELLINGTON
WYN,WYNAD
YAAL,YAVATMAL
YAAM,YANAM
YAAR,YAMUNANAGAR
YEL,YELAHANKA
YEM,YEMBAL
YGN,YANGON
YNR,YAMUNA NAGAR
ZCH,ZURICH
ZGB,ZAGREB
ZIR,ZIRAKPUR
ZUTO,ZUNHEBOTO
