1,ANDAMAN & NICOBAR,AN
2,ANDHRAPRADESH,AP
3,ARUNACHAL PRADESH,AR
4,ASSAM,AS
5,BIHAR,BH
6,CHANDIGARH,CH
7,CHATTISGARH,CHHS
8,DAMAN & DIU,DD
9,DELHI,DL
10,DADRA NAGAR HAVELI,DN
11,GOA,GA
12,GUJARAT,GJ
13,HIMACHAL PRADESH,HP
14,HARYANA,HR
15,JHARKHAND,JHK
16,JAMMU & KASHMIR,JK
17,KARNATAKA,KA
18,KERALA,KL
19,LAKHSHDWEEP,LD
20,MAHARASHTRA,MH
21,MIG STATE CODE,MIG
22,MEGHALAYA,ML
23,MANIPUR,MN
24,MADHYAPRADESH,MP
25,MIZORAM,MZ
26,NEW DELHI,ND
27,NAGALAND,NL
28,ORISSA,OR
29,PUNJAB,PB
30,GUJARAT GLASS LTD.,PGGL
31,PONDICHERRY,PY
32,RAJASTHAN,RJ
33,SIKKIM,SK
34,TELANGANA,TG
35,TAMIL NADU,TN
36,TRIPURA,TR
37,TELANGANA,TS
38,UTTARAKHAND,UK
39,UTTAR PRADESH,UP
40,UTTARANCHAL,UTH
41,WEST BENGAL,WB
