TRNREFNO,BRCODE,SBCODE,BNKSRL,APPLNO, NAME,ADD1,ADD2,ADD3,CITY,STATE,PIN,TYPE,TENURE(MONTHS/YEAR), CATE,FOLIO,EMPCODE,STATUS,AMOUNT, PAYMODE,INSTNO,INSTDT,PANGIR1,DOB, NGNAME,BANKAC,BANKNM,BCITY,MICR, GNAME,GPAN,ACTYPE,RTGSCOD, NNAME,NADD1,NADD2,NADD3,NCITY, NPIN,ENCL,TELNO,JH1NAME,JH2NAME,JH1PAN,JH2PAN,JH1RELATION,JH2RELATION,HLDINGPATT,SUBTYPE,EMAILID,MOBILENO,IFSC,Text 1,Text 2,Text 3,Text 4,Text 5,Text 6,Text 7,Text 10
7431162,ICICI Securities,,7431162,7431162,MRS HEMALATHA  KANNAN,5E ANANTHI APARTMENTS 42ND ST,NANGANALLUR KANCHEEPURAM,,KANCHIPURAM,TAMILNADU,600061,C,12,S,,,R,10000,DD,7431162,12/2/2020,ACIPH9381H,3/10/1954,C P Kannan,5401027627,ICICI Bank,ChennaiNanganallur,600229004,  ,,SAVING,,C P Kannan,9th street Raghava Nagar,,,MOOVARASAMPETTAI,600091,NO,,,,,,,,Single,C,hemalathasanthanam58@gmail.com,9445109449,ICIC0000054,ICICI Bank,5401027627,ICIC0000054,W47021,7431162,REC PAN OF MRS HEMALATHA  KANNAN ACIPH9381H,REC DEMAT STATEMENT OF MRS HEMALATHA  KANNAN,2/13/2020
7431128,ICICI Securities,,7431128,7431128,MR ANIL JAGANNATH MORE,NO 36 ANUKRUTHI,8TH MAIN  SRINIDHI LAYOUT KONANA KUNTE,,BENGALURU,KARNATAKA,560062,C,36,P,,,R,15000,DD,7431128,12/2/2020,AFPPM4505E,5/27/1963,Aniketh Anil More,4701502718,ICICI Bank,BangaloreKoramangala,560229003,  ,,SAVING,,Aniketh Anil More,#36 8th Main Road,Srinidhi Layout,Konanakunte,BANGALORE,560062,NO,26320639,,,,,,,Single,C,anilmorej@hotmail.com,9845518597,ICIC0000047,ICICI Bank,4701502718,ICIC0000047,W47016,7431128,REC PAN OF MR ANIL JAGANNATH MORE AFPPM4505E,REC DEMAT STATEMENT OF MR ANIL JAGANNATH MORE,2/13/2020
7431089,ICICI Securities,,7431089,7431089,MRS SWATI  MALHOTRA,F 250,PRIYADARSHNI MARG SHYAM NAGAR EXTENSION,,JAIPUR,RAJASTHAN,302020,C,12,P,,,R,65000,DD,7431089,12/2/2020,AOXPM1514L,3/19/1983,Devendra Singh Soni,23501001735,ICICI Bank,Vaishali Nagar Jaipur,302229004,  ,,SAVING,,Devendra Singh Soni,111/285 Agarwal Farm Mansarovar,,,JAIPUR,302020,NO,2293142,,,,,,,Single,C,devendrassoni@gmail.com,7767055998,ICIC0000235,ICICI Bank,23501001735,ICIC0000235,W47027,7431089,REC PAN OF MRS SWATI  MALHOTRA AOXPM1514L,REC DEMAT STATEMENT OF MRS SWATI  MALHOTRA,2/13/2020
7431073,ICICI Securities,,7431073,7431073,MR RAJ ANAND GOPALACHARI,C2 204  PRATHAM OFF S G HIGHWAY,BEHIND NIRMA UNIVERSITY TRAGAD,,AHMEDABAD,GUJARAT,382481,C,12,P,,,R,77000,DD,7431073,12/2/2020,BEWPG0452F,2/17/1993,,55801649309,ICICI Bank,Mysore  Infosys Tech ltd,570229005,,,SAVING,,,,,,,,NO,,,,,,,,Single,C,raj.gmc11@gmail.com,9687336614,ICIC0000558,ICICI Bank,55801649309,ICIC0000558,W47025,7431073,REC PAN OF MR RAJ ANAND GOPALACHARI BEWPG0452F,REC DEMAT STATEMENT OF MR RAJ ANAND GOPALACHARI,2/13/2020
7431088,ICICI Securities,,7431088,7431088,MRS RUPAM  PRASAD,76 DUPLEX 2 RAJAT VIHAR SECTOR 62,,,NOIDA,UTTAR PRADESH,201301,N,60,P,,,R,100000,DD,7431088,12/2/2020,ADLPP1522C,4/5/1975,Vikram  Gudakesh,32301001492,ICICI Bank,Lower Parel  Mumbai,400229041,  ,,SAVING,,Vikram  Gudakesh,76 duplex 2 rajat vihar,sector 62,,NOIDA,201301,NO,,,,,,,,Single,M,rupam_prasad@yahoo.com,8375048395,ICIC0000323,ICICI Bank,32301001492,ICIC0000323,W47020,7431088,REC PAN OF MRS RUPAM  PRASAD ADLPP1522C,REC DEMAT STATEMENT OF MRS RUPAM  PRASAD,2/13/2020
7431142,ICICI Securities,,7431142,7431142,MRS ABHILASHA  CHAUDHURI,C 467 3RD FLOOR BLOCK C CR PARK,,,DELHI,DELHI,110019,C,12,P,,,R,100000,DD,7431142,12/2/2020,AAJPL4536H,10/28/1973,,4601029840,ICICI Bank,New Delhi Friends Colony,110229007,,,SAVING,,,,,,,,NO,41620973,,,,,,,Single,C,abhilasha.chaudhuri@gmail.com,9810259788,ICIC0000046,ICICI Bank,4601029840,ICIC0000046,W47026,7431142,REC PAN OF MRS ABHILASHA  CHAUDHURI AAJPL4536H,REC DEMAT STATEMENT OF MRS ABHILASHA  CHAUDHURI,2/13/2020
7431043,ICICI Securities,,7431043,7431043,MR PARESH PRABHUBHAI PRAJAPATI,A 302 ZEE TULSI CHS DADABHAI CROSS,ROAD NO 3 NEAR RAMA RESIDENCY VILE PARLE,,MUMBAI,MAHARASHTRA,400056,N,25,P,,,R,150000,DD,7431043,11/2/2020,AABPP2221P,5/14/1973,,37601517212,ICICI Bank,Mumbai  Nariman Bhavan,400229047,,,SAVING,,,,,,,,NO,26115702,,,,,,,Single,Q,dp_prajapati@rediffmail.com,9920753370,ICIC0000376,ICICI Bank,37601517212,ICIC0000376,W47024,7431043,REC PAN OF MR PARESH PRABHUBHAI PRAJAPATI AABPP2221P,REC DEMAT STATEMENT OF MR PARESH PRABHUBHAI PRAJAPATI,2/13/2020
7431091,ICICI Securities,,7431091,7431091,MR AMIT V MOTWANI,101  A,JAI MAA PALACE OPP SHALIMAR SOC,,ULHASNAGAR,MAHARASHTRA,421003,C,39,P,,,R,300000,DD,7431091,12/2/2020,ALCPM2200P,2/19/1978,,8801016101,ICICI Bank,Dombivli,400229014,,,SAVING,,,,,,,,NO,2512561652,,,,,,,Single,C,amit.mots@gmail.com,9967167208,ICIC0000088,ICICI Bank,8801016101,ICIC0000088,W47017,7431091,REC PAN OF MR AMIT V MOTWANI ALCPM2200P,REC DEMAT STATEMENT OF MR AMIT V MOTWANI,2/13/2020
7431138,ICICI Securities,,7431138,7431138,MR V  KALYANARAMAN,PLOT NO 30 VGP PRABU NAGAR,PERUMBAKKAM,,CHENNAI,TAMILNADU,600100,N,24,P,,,R,500000,DD,7431138,12/2/2020,AKDPK4582E,9/10/1973,NEELA  R,901118502,ICICI Bank,ChennaiNungambakkam,600229003,  ,,SAVING,,NEELA  R,PLOT NO.304TH CROSS STREET,VGP PRABU NAGAR,PERUMBAKKAM,CHENNAI,600100,NO,,,,,,,,Single,M,venugopalan.kalyanaraman@gmail.com,7710810999,ICIC0000009,ICICI Bank,901118502,ICIC0000009,W47019,7431138,REC PAN OF MR V  KALYANARAMAN AKDPK4582E,REC DEMAT STATEMENT OF MR V  KALYANARAMAN,2/13/2020
7431024,ICICI Securities,,7431024,7431024,MR VIVEK  BAHL,3  GIRNAR VITHALNAGAR J V P D SCHEME,JUHU JUHU MUMBAI,,MUMBAI,MAHARASHTRA,400049,C,120,P,,,R,1000000,DD,7431024,11/2/2020,AAIPB4009J,4/8/1967,,36601511037,ICICI Bank,MumbaiJuhu,400229046,,,SAVING,,,,,,,,NO,,,,,,,,Single,C,vivekbl@hotmail.com,9867616029,ICIC0000366,ICICI Bank,36601511037,ICIC0000366,W47018,7431024,REC PAN OF MR VIVEK  BAHL AAIPB4009J,REC DEMAT STATEMENT OF MR VIVEK  BAHL,2/13/2020
7431029,ICICI Securities,,7431029,7431029,MR VIVEK  BAHL,3  GIRNAR VITHALNAGAR J V P D SCHEME,JUHU JUHU MUMBAI,,MUMBAI,MAHARASHTRA,400049,C,84,P,,,R,1000000,DD,7431029,11/2/2020,AAIPB4009J,4/8/1967,,36601511037,ICICI Bank,MumbaiJuhu,400229046,,,SAVING,,,,,,,,NO,,,,,,,,Single,C,vivekbl@hotmail.com,9867616029,ICIC0000366,ICICI Bank,36601511037,ICIC0000366,W47022,7431029,REC PAN OF MR VIVEK  BAHL AAIPB4009J,REC DEMAT STATEMENT OF MR VIVEK  BAHL,2/13/2020
7431062,ICICI Securities,,7431062,7431062,MR VIVEK  BAHL,3  GIRNAR VITHALNAGAR J V P D SCHEME,JUHU JUHU MUMBAI,,MUMBAI,MAHARASHTRA,400049,C,84,P,,,R,1000000,DD,7431062,12/2/2020,AAIPB4009J,4/8/1967,Neeraj  Bahl,36601511037,ICICI Bank,MumbaiJuhu,400229046,  ,,SAVING,,Neeraj  Bahl,3 Girnar,,,MUMBAI,400049,NO,,,,,,,,Single,C,vivekbl@hotmail.com,9867616029,ICIC0000366,ICICI Bank,36601511037,ICIC0000366,W47023,7431062,REC PAN OF MR VIVEK  BAHL AAIPB4009J,REC DEMAT STATEMENT OF MR VIVEK  BAHL,2/13/2020
