TRNREFNO,BRCODE,SBCODE,BNKSRL,APPLNO, NAME,ADD1,ADD2,ADD3,CITY,STATE,PIN,TYPE,TENURE(MONTHS/YEAR), CATE,FOLIO,EMPCODE,STATUS,AMOUNT, PAYMODE,INSTNO,INSTDT,PANGIR1,DOB, NGNAME,BANKAC,BANKNM,BCITY,MICR, GNAME,GPAN,ACTYPE,RTGSCOD, NNAME,NADD1,NADD2,NADD3,NCITY, NPIN,ENCL,TELNO,JH1NAME,JH2NAME,JH1PAN,JH2PAN,JH1RELATION,JH2RELATION,HLDINGPATT,SUBTYPE,EMAILID,MOBILENO,IFSC,Text 1,Text 2,Text 3,Text 4,Text 5,Text 6,Text 7,Text 10
7431295,ICICI Securities,,7431295,7431295,MR JIGAR PRAFULLBHAI SHAH,3 RADHE KISHAN BUNGLOWS BODAK DEV,NEAR PREYAS BUNGLOWS,,AHMEDABAD,GUJARAT,380054,N,120,P,,,R,10000,DD,7431295,13/02/2020,AFUPS6426H,17/10/1972,,29501005239,ICICI Bank,S G Road,380229009,,,SAVING,,,,,,,,NO,,,,,,,,Single,A,in_jigar@hotmail.com,8401289547,ICIC0000295,ICICI Bank,29501005239,ICIC0000295,W47059,7431295,REC PAN OF MR JIGAR PRAFULLBHAI SHAH AFUPS6426H,REC DEMAT STAEMENT OF MR JIGAR PRAFULLBHAI SHAH,14-Feb-20
7431301,ICICI Securities,,7431301,7431301,MRS SUBATHRA  S,H52 11 21ST EAST ST SOUTH AVE,KAMARAJ NGR THIRUVANMIYUR,,CHENNAI,TAMILNADU,600041,C,24,S,,,R,30000,DD,7431301,13/02/2020,CGIPS9086A,23/02/1952,Manikanda ilango  S,35001005053,ICICI Bank,Adyar,600229026,  ,,SAVING,,Manikanda ilango  S,H52/11  21st East St  South Avenue,kamaraj ngr  thiruvanmiyur,,CHENNAI,600041,YES,,,,,,,,Single,C,mani44@gmail.com,9445260386,ICIC0000350,ICICI Bank,35001005053,ICIC0000350,W47060,7431301,REC PAN OF MRS SUBATHRA  S CGIPS9086A,REC DEMAT STAEMENT OF MRS SUBATHRA  S,14-Feb-20
7431273,ICICI Securities,,7431273,7431273,MR BHAVISHYA  CHAURASIA,INFOSYS TECHNOLOGIES LTD,210 MANIKONDA VILL LINGAMPALLY RR DIST,,HYDERABAD,TELANGANA,500032,C,12,P,,,R,50000,DD,7431273,13/02/2020,AHQPC9851J,3/4/1987,,55801526214,ICICI Bank,Mysore  Infosys Tech ltd,570229005,,,SAVING,,,,,,,,NO,256026,,,,,,,Single,C,bhavishya100@gmail.com,8860052464,ICIC0000558,ICICI Bank,55801526214,ICIC0000558,W47056,7431273,REC PAN OF MR BHAVISHYA  CHAURASIA AHQPC9851J,REC DEMAT STAEMENT OF MR BHAVISHYA  CHAURASIA,14-Feb-20
7431184,ICICI Securities,,7431184,7431184,MRS BARNALI  ACHARYA,ASHABARI HSG COMPLEX AA 402 BP TOWN,SHIP PANCHASAYAR PANCHASAYAR  SO,,KOLKATA,WEST BENGAL,700094,C,12,P,,,R,74000,DD,7431184,2/12/2020,AEEPA5598M,21/09/1973,Ratna  ACHARYA,1.28902E+11,ICICI Bank,KOLKATA PATULI,700229052,  ,,SAVING,,Ratna  ACHARYA,O 31 B P Township,,,KOLKATA,700094,YES,,,,,,,,Single,C,barnali.acharya@gmail.com,9836434373,ICIC0001289,ICICI Bank,1.28902E+11,ICIC0001289,W47062,7431184,REC PAN OF MRS BARNALI  ACHARYA AEEPA5598M,REC DEMAT STAEMENT OF MRS BARNALI  ACHARYA,14-Feb-20
7431346,ICICI Securities,,7431346,7431346,MR SANDEEP KUMAR SINGH,H NO 5 6 INDRAPURI KALONI I I M ROAD,TEH LUCKNOW,,LUCKNOW,UTTAR PRADESH,226020,C,12,P,,,R,100000,DD,7431346,13/02/2020,BMJPS5852E,4/2/1983,SURABHI  SINGH,2101551310,ICICI Bank,Gurgaon,110229003,  ,,SAVING,,SURABHI  SINGH,PLOT NO. 5-6,INDRAPURI COLONY,IIM ROAD ,LUCKNOW,226020,NO,,,,,,,,Single,C,sandeepksingh.lko@gmail.com,9453287687,ICIC0000021,ICICI Bank,2101551310,ICIC0000021,W47061,7431346,REC PAN OF MR SANDEEP KUMAR SINGH BMJPS5852E,REC DEMAT STAEMENT OF MR SANDEEP KUMAR SINGH,14-Feb-20
7431276,ICICI Securities,,7431276,7431276,MR MAYANK  GUPTA,HNO 102PARAS MEADOWS GREEN GLEN LAYOUT,BANGALORE BANGALORE,,BANGALORE,KARNATAKA,560103,C,12,P,,,R,200000,DD,7431276,13/02/2020,ANLPM5730H,16/06/1983,Prachi  Agarwal,201074339,ICICI Bank,Bangalore M G Road,560229002,  ,,SAVING,,Prachi  Agarwal,H No 102 Paras Meadows,Green Glen Layout,Bellandur,BANGALORE,560103,NO,,,,,,,,Single,C,mayank.g83@gmail.com,8971744899,ICIC0000002,ICICI Bank,201074339,ICIC0000002,W47057,7431276,REC PAN OF MR MAYANK  GUPTA ANLPM5730H,REC DEMAT STAEMENT OF MR MAYANK  GUPTA,14-Feb-20
7431279,ICICI Securities,,7431279,7431279,MR SUNIL  SONI,Q 303 PAN OASIS NEAR GLOBAL INDIAN,INTERNATIONAL SCHOOL SECTOR 70 NOIDA,,GAUTAM BUDDHA NAGAR,UTTAR PRADESH,201301,C,24,S,,,R,500000,DD,7431279,13/02/2020,AABPS4528G,13/10/1957,TUSHAR  SONI,3101069335,ICICI Bank,New DelhiNoida,110229005,  ,,SAVING,,TUSHAR  SONI,Q303 PAN OASIS SECTOR 70 NOIDA,,,GAUTAM BUDDHA NAGAR,201301,NO,8903420,MS ROMILLA  SONI,,BGZPS5290L,,WIFE,,Anyone or Surviovr,C,sonisunil@yahoo.com,9810301926,ICIC0000031,ICICI Bank,3101069335,ICIC0000031,W47058,7431279,REC PAN OF MR SUNIL  SONI AABPS4528G,REC DEMAT STAEMENT OF MR SUNIL  SONI,14-Feb-20
7431258,ICICI Securities,,7431258,7431258,MRS N RAJESWARI REDDY,301KRUPALAYA APPARTMENTS11515 FLR,VENKATAPURAM ALWALTIRUMALAGIRI,,HYDERABAD,TELANGANA,500015,N,12,P,,,R,1000000,DD,7431258,13/02/2020,ALFPR4301M,18/06/1973,VINEETHA REDDY NALLAGATLA,6.30802E+11,ICICI Bank,KARKHANA,500229009,  ,,SAVING,,VINEETHA REDDY NALLAGATLA,301 KRUPALAYA APTS,1-15-15 VENKATAPURAM,ALWAL ,SECUNDERABAD,500015,NO,27960684,,,,,,,Single,A,rajeswariyr@yahoo.com,9000473366,ICIC0006308,ICICI Bank,6.30802E+11,ICIC0006308,W47055,7431258,REC PAN OF MRS N RAJESWARI REDDY ALFPR4301M,REC DEMAT STAEMENT OF MRS N RAJESWARI REDDY,14-Feb-20
